// CC-RX　RXv3　V3.06.00 対応,,,
[Stack size settings],,,
_tk_cre_tsk,72,,
_tk_del_tsk,64,,
_tk_sta_tsk,52,,
_tk_ext_tsk,108,,
// _tm_putstring,(136-28),,
"//tcb->wspec->rel_wai_hook,sem_rel_wai,mtx_rel_wai,mbf_rel_wai,mpl_rel_wai",,,
"//tcb->wspec->chg_pri_hook,sem_chg_pri,mtx_chg_pri,mbf_chg_pri,mpl_chg_pri,flg_chg_pri,mbx_chg_pri,mpf_chg_pri",,,
_tk_exd_tsk,108,,
// _tm_putstring,(136-28),,
"//tcb->wspec->rel_wai_hook,sem_rel_wai,mtx_rel_wai,mbf_rel_wai,mpl_rel_wai",,,
"//tcb->wspec->chg_pri_hook,sem_chg_pri,mtx_chg_pri,mbf_chg_pri,mpl_chg_pri,flg_chg_pri,mbx_chg_pri,mpf_chg_pri",,,
_tk_ter_tsk,152,,
"//tcb->wspec->rel_wai_hook,sem_rel_wai,mtx_rel_wai,mbf_rel_wai,mpl_rel_wai",,,
"//tcb->wspec->chg_pri_hook,sem_chg_pri,mtx_chg_pri,mbf_chg_pri,mpl_chg_pri,flg_chg_pri,mbx_chg_pri,mpf_chg_pri",,,
_tk_chg_pri,112,,
"//tcb->wspec->chg_pri_hook,sem_chg_pri,mtx_chg_pri,mbf_chg_pri,mpl_chg_pri,flg_chg_pri,mbx_chg_pri,mpf_chg_pri",,,
_tk_get_reg,36,,
_tk_set_reg,36,,
_tk_ref_tsk,36,,
,,,
_tk_slp_tsk,68,,
_tk_wup_tsk,72,,
_tk_can_wup,24,,
_tk_rel_wai,148,,
"//tcb->wspec->rel_wai_hook,sem_rel_wai,mtx_rel_wai,mbf_rel_wai,mpl_rel_wai",,,
_tk_sus_tsk,60,,
_tk_rsm_tsk,52,,
_tk_frsm_tsk,52,,
_tk_dly_tsk,68,,
,,,
_tk_cre_sem,28,,
_tk_del_sem,76,,
_tk_sig_sem,84,,
_tk_wai_sem,92,,
_tk_ref_sem,32,,
,,,
_tk_cre_flg,28,,
_tk_del_flg,76,,
_tk_set_flg,88,,
_tk_clr_flg,24,,
_tk_wai_flg,104,,
_tk_ref_flg,32,,
,,,
_tk_cre_mbx,28,,
_tk_del_mbx,76,,
_tk_snd_mbx,84,,
_tk_rcv_mbx,92,,
_tk_ref_mbx,32,,
,,,
_tk_cre_mtx,32,,
_tk_del_mtx,136,,
"//tcb->wspec->chg_pri_hook,sem_chg_pri,mtx_chg_pri,mbf_chg_pri,mpl_chg_pri,flg_chg_pri,mbx_chg_pri,mpf_chg_pri",,,
_tk_loc_mtx,132,,
"//tcb->wspec->chg_pri_hook,sem_chg_pri,mtx_chg_pri,mbf_chg_pri,mpl_chg_pri,flg_chg_pri,mbx_chg_pri,mpf_chg_pri",,,
_tk_unl_mtx,140,,
"//tcb->wspec->chg_pri_hook,sem_chg_pri,mtx_chg_pri,mbf_chg_pri,mpl_chg_pri,flg_chg_pri,mbx_chg_pri,mpf_chg_pri",,,
"//tcb->wspec->chg_pri_hook,sem_chg_pri,mtx_chg_pri,mbf_chg_pri,mpl_chg_pri,flg_chg_pri,mbx_chg_pri,mpf_chg_pri",,,
_tk_ref_mtx,28,,
,,,
_tk_cre_mbf,76,,
_tk_del_mbf,84,,
_tk_snd_mbf,100,,
_tk_rcv_mbf,112,,
_tk_ref_mbf,32,,
,,,
_tk_cre_mpf,76,,
_tk_del_mpf,88,,
_tk_get_mpf,92,,
_tk_rel_mpf,72,,
_tk_ref_mpf,64,,
,,,
_tk_cre_mpl,76,,
_tk_del_mpl,88,,
_tk_get_mpl,100,,
_tk_rel_mpl,88,,
_tk_ref_mpl,32,,
,,,
_tk_set_tim,20,,
_tk_get_tim,36,,
_tk_get_otm,20,,
_tk_set_utc,20,,
_tk_get_utc,20,,
,,,
_tk_cre_cyc,48,,
//周期ハンドラ,,,
_tk_del_cyc,28,,
_tk_sta_cyc,48,,
_tk_stp_cyc,28,,
_tk_ref_cyc,52,,
,,,
_tk_cre_alm,24,,
_tk_del_alm,28,,
_tk_sta_alm,40,,
//アラームハンドラ,,,
_tk_stp_alm,28,,
_tk_ref_alm,36,,
,,,
_tk_def_int,28,,
,,,
_tk_rot_rdq,36,,
_tk_get_tid,4,,
_tk_dis_dsp,12,,
_tk_ena_dsp,12,,
_tk_ref_sys,16,,
_tk_set_pow,20,,
_tk_ref_ver,4,,
,,,
_tk_def_ssy,24,,
_tk_ref_ssy,20,,
,,,
_tk_opn_dev,48,,
// openfn,MLock,MUnlock,tk_cre_sem(200-152)
_tk_cls_dev,24,,
// closefn,MLock,MUnlock(244-220),
_tk_rea_dev,8,,
// tk_request(204-196),,,
_tk_srea_dev,16,,
// tk_rea_dev,tk_wai_dev(220-204),,
_tk_wri_dev,8,,
// tk_request(204-196),,,
_tk_swri_dev,16,,
// tk_wri_dev,tk_wai_dev(220-204),,
_tk_wai_dev,56,,
// waitfn,tk_get_tid,MLock,MUnlock(196-140)
_tk_sus_dev,20,,
// eventfn,MLock,MUnlock(180-160),
_tk_get_dev,20,,
// MLock,MUnlock(160-140),,
_tk_ref_dev,32,,
// MLock,MUnlock(172-140),,
_tk_oref_dev,24,,
// MLock,MUnlock(164-140),,
_tk_lst_dev,36,,
// MLock,MUnlock(176-140),,
_tk_evt_dev,28,,
// eventfn,MLock,MUnlock(168-140),
_tk_def_dev,20,,
// MLock,MUnlock(160-140),,
_tk_ref_idv,16,,
// MLock,MUnlock(156-140),,
,,,
_EnableInt,20,,
_DisableInt,12,,
_ClearInt,4,,
_CheckInt,4,,
_EndOfInt,4,,
_SetCpuIntLevel,4,,
_GetCpuIntLevel,4,,
,,,
_CreateLock,36,,
// tk_cre_sem(64-28),,,
_DeleteLock,8,,
// tk_del_sem(84-76),,,
_Lock,8,,
// tk_wai_sem(100-92),,,
_Unlock,8,,
// tk_sig_sem(92-84),,,
_CreateMLock,32,,
// tk_cre_flg(60-28),,,
_DeleteMLock,8,,
// tk_del_flg(84-76),,,
_MLock,4,,
// MLockTmo,tk_wai_flg(140-136),,
_MLockTmo,32,,
// tk_wai_flg(136-104),,,
_MUnlock,12,,
// tk_set_flg(100-88),,,
,,,
[Non Display Module],,,
_Reset_Handler,,,
_out_cons,,,
_out_buf,,,
_Default_Handler,,,
_HardwareSetup,,,
_start,,,
_enaint,,,
_disint,,,
_knl_abstim_reached,,,
_knl_alm_timer_insert,,,
_knl_call_almhdr,,,
_knl_call_cychdr,,,
_knl_change_task_priority,,,
_knl_chg_pri_mutex,,,
_knl_cyc_next_time,,,
_knl_cyc_timer_insert,,,
_knl_define_inthdr,,,
_knl_dispatch,,,
_knl_eventflag_cond,,,
_knl_force_dispatch,,,
_knl_get_blk,,,
_knl_gcb_top_of_wait_queue,,,
_knl_gcb_make_wait,,,
_knl_hll_inthdr,,,
_knl_immediate_call_cychdr,,,
_knl_immediate_call_almhdr,,,
_knl_Imalloc,,,
_knl_Icalloc,,,
_knl_Ifree,,,
_knl_isTaskIndependent,,,
_knl_LockOBJ,,,
_knl_UnlockOBJ,,,
_knl_mbf_empty,,,
_knl_mbf_free,,,
_knl_mbf_to_msg,,,
_knl_mbf_wakeup,,,
_knl_msg_to_mbf,,,
_knl_make_dormant,,,
_knl_make_non_ready,,,
_knl_make_ready,,,
_knl_make_wait,,,
_knl_make_wait_reltim,,,
_knl_mempool_end,,,
_knl_mpl_wakeup,,,
_knl_MaxFreeSize,,,
_knl_no_support,,,
_knl_queue_insert_mpri,,,
_knl_queue_insert_tpri,,,
_knl_ready_queue_rotate,,,
_knl_ready_queue_top_priority,,,
_knl_release_mutex,,,
_knl_rel_blk,,,
_knl_reschedule,,,
_knl_rotate_ready_queue,,,
_knl_rotate_ready_queue_run,,,
_knl_setup_stacd,,,
_knl_systim_inthdr,,,
_knl_task_alive,,,
_knl_timer_delete,,,
_knl_timer_handler,,,
_knl_toLSYSTIM,,,
_knl_toSYSTIM,,,
_knl_wait_delete,,,
_knl_wait_release_ok,,,
_knl_wait_release_ok_ercd,,,
_knl_wait_release_ng,,,
_knl_wait_release_tmout,,,
_knl_wait_tskid,,,
_knl_memcpy,,,
_knl_memset,,,
_knl_strlen,,,
_knl_strncpy,,,
_knl_get_reg,,,
_knl_set_reg,,,
_knl_del_tsk,,,
_knl_ter_tsk,,,
_flg_chg_pri,,,
_mbx_chg_pri,,,
_mtx_chg_pri,,,
_mpf_chg_pri,,,
_sem_rel_wai,,,
_mtx_rel_wai,,,
_mbf_rel_wai,,,
_mpl_rel_wai,,,
_knl_check_devid,,,
_knl_check_devdesc,,,
_knl_check_reqid,,,
_knl_chkopen,,,
_knl_delOpnCB,,,
_knl_delReqCB,,,
_knl_phydevnm,,,
_knl_searchDevCB,,,
_chkopenmode,,,
_delDevCB,,,
_newDevCB,,,
_newOpnCB,,,
_newReqCB,,,
_logdevnm,,,
_isQueEmpty,,,
_Dummy,,,
__INITSCT,,,
_Inc,,,
_INC,,,
_BR,,,
_BTS,,,
_Dec,,,
_DEC,,,
_QueRemoveNext,,,
_QueInit,,,
_QueInsert,,,
_isQueEmpty,,,
_init_mempool,,,
_roundSize,,,
_ret_int_dispatch,,,
_SuperVisorInstruction,,,
_UndefinedInstruction,,,
_FloatingPoint,,,
_AccessViolation,,,
_NonMaskableInterrupt,,,
_AddressInstruction,,,
_tk_ret_int_impl,,,
_tk_ret_int,,,
dispatch_1,,,
dispatch_2,,,
dispatch_3,,,
dispatch_4,,,
dispatch_5,,,
dispatch_6,,,
dispatch_7,,,
nodispatch,,,
call_table,,,
knl_inthdr_entry2,,,
knl_inthdr_entry3,,,
knl_inthdr_entry4,,,
knl_inthdr_entry5,,,
knl_inthdr_entry6,,,
knl_inthdr_entry7,,,
knl_inthdr_entry8,,,
knl_inthdr_entry9,,,
knl_inthdr_entry10,,,
knl_inthdr_entry11,,,
knl_inthdr_entry12,,,
knl_inthdr_entry13,,,
knl_inthdr_entry15,,,
knl_inthdr_entry14,,,
knl_inthdr_entry16,,,
knl_inthdr_entry17,,,
knl_inthdr_entry18,,,
knl_inthdr_entry19,,,
knl_inthdr_entry20,,,
knl_inthdr_entry21,,,
knl_inthdr_entry22,,,
knl_inthdr_entry23,,,
knl_inthdr_entry24,,,
knl_inthdr_entry25,,,
knl_inthdr_entry26,,,
knl_inthdr_entry27,,,
knl_inthdr_entry28,,,
knl_inthdr_entry29,,,
knl_inthdr_entry30,,,
knl_inthdr_entry31,,,
knl_inthdr_entry32,,,
knl_inthdr_entry33,,,
knl_inthdr_entry34,,,
knl_inthdr_entry35,,,
knl_inthdr_entry36,,,
knl_inthdr_entry37,,,
knl_inthdr_entry38,,,
knl_inthdr_entry39,,,
knl_inthdr_entry40,,,
knl_inthdr_entry41,,,
knl_inthdr_entry43,,,
knl_inthdr_entry42,,,
knl_inthdr_entry44,,,
knl_inthdr_entry45,,,
knl_inthdr_entry46,,,
knl_inthdr_entry47,,,
knl_inthdr_entry48,,,
knl_inthdr_entry49,,,
knl_inthdr_entry50,,,
knl_inthdr_entry51,,,
knl_inthdr_entry52,,,
knl_inthdr_entry53,,,
knl_inthdr_entry54,,,
knl_inthdr_entry55,,,
knl_inthdr_entry56,,,
knl_inthdr_entry57,,,
knl_inthdr_entry58,,,
knl_inthdr_entry59,,,
knl_inthdr_entry60,,,
knl_inthdr_entry61,,,
knl_inthdr_entry62,,,
knl_inthdr_entry63,,,
knl_inthdr_entry64,,,
knl_inthdr_entry65,,,
knl_inthdr_entry66,,,
knl_inthdr_entry67,,,
knl_inthdr_entry68,,,
knl_inthdr_entry69,,,
knl_inthdr_entry70,,,
knl_inthdr_entry71,,,
knl_inthdr_entry72,,,
knl_inthdr_entry73,,,
knl_inthdr_entry74,,,
knl_inthdr_entry75,,,
knl_inthdr_entry76,,,
knl_inthdr_entry77,,,
knl_inthdr_entry78,,,
knl_inthdr_entry79,,,
knl_inthdr_entry80,,,
knl_inthdr_entry81,,,
knl_inthdr_entry82,,,
knl_inthdr_entry83,,,
knl_inthdr_entry84,,,
knl_inthdr_entry85,,,
knl_inthdr_entry86,,,
knl_inthdr_entry87,,,
knl_inthdr_entry88,,,
knl_inthdr_entry89,,,
knl_inthdr_entry90,,,
knl_inthdr_entry91,,,
knl_inthdr_entry92,,,
knl_inthdr_entry93,,,
knl_inthdr_entry94,,,
knl_inthdr_entry95,,,
knl_inthdr_entry96,,,
knl_inthdr_entry97,,,
knl_inthdr_entry98,,,
knl_inthdr_entry99,,,
knl_inthdr_entry100,,,
knl_inthdr_entry101,,,
knl_inthdr_entry102,,,
knl_inthdr_entry103,,,
knl_inthdr_entry104,,,
knl_inthdr_entry105,,,
knl_inthdr_entry106,,,
knl_inthdr_entry107,,,
knl_inthdr_entry108,,,
knl_inthdr_entry109,,,
knl_inthdr_entry110,,,
knl_inthdr_entry111,,,
knl_inthdr_entry112,,,
knl_inthdr_entry113,,,
knl_inthdr_entry114,,,
knl_inthdr_entry115,,,
knl_inthdr_entry116,,,
knl_inthdr_entry117,,,
knl_inthdr_entry118,,,
knl_inthdr_entry119,,,
knl_inthdr_entry120,,,
knl_inthdr_entry121,,,
knl_inthdr_entry122,,,
knl_inthdr_entry123,,,
knl_inthdr_entry124,,,
knl_inthdr_entry125,,,
knl_inthdr_entry126,,,
knl_inthdr_entry128,,,
knl_inthdr_entry127,,,
knl_inthdr_entry129,,,
knl_inthdr_entry130,,,
knl_inthdr_entry131,,,
knl_inthdr_entry132,,,
knl_inthdr_entry133,,,
knl_inthdr_entry134,,,
knl_inthdr_entry135,,,
knl_inthdr_entry136,,,
knl_inthdr_entry137,,,
knl_inthdr_entry138,,,
knl_inthdr_entry139,,,
knl_inthdr_entry140,,,
knl_inthdr_entry141,,,
knl_inthdr_entry142,,,
knl_inthdr_entry143,,,
knl_inthdr_entry144,,,
knl_inthdr_entry145,,,
knl_inthdr_entry146,,,
knl_inthdr_entry147,,,
knl_inthdr_entry148,,,
knl_inthdr_entry149,,,
knl_inthdr_entry150,,,
knl_inthdr_entry151,,,
knl_inthdr_entry152,,,
knl_inthdr_entry153,,,
knl_inthdr_entry154,,,
knl_inthdr_entry155,,,
knl_inthdr_entry156,,,
knl_inthdr_entry157,,,
knl_inthdr_entry158,,,
knl_inthdr_entry159,,,
knl_inthdr_entry160,,,
knl_inthdr_entry161,,,
knl_inthdr_entry163,,,
knl_inthdr_entry162,,,
knl_inthdr_entry164,,,
knl_inthdr_entry165,,,
knl_inthdr_entry166,,,
knl_inthdr_entry167,,,
knl_inthdr_entry168,,,
knl_inthdr_entry169,,,
knl_inthdr_entry170,,,
knl_inthdr_entry171,,,
knl_inthdr_entry172,,,
knl_inthdr_entry173,,,
knl_inthdr_entry174,,,
knl_inthdr_entry175,,,
knl_inthdr_entry176,,,
knl_inthdr_entry177,,,
knl_inthdr_entry178,,,
knl_inthdr_entry179,,,
knl_inthdr_entry180,,,
knl_inthdr_entry181,,,
knl_inthdr_entry182,,,
knl_inthdr_entry183,,,
knl_inthdr_entry184,,,
knl_inthdr_entry185,,,
knl_inthdr_entry186,,,
knl_inthdr_entry187,,,
knl_inthdr_entry188,,,
knl_inthdr_entry189,,,
knl_inthdr_entry190,,,
knl_inthdr_entry191,,,
knl_inthdr_entry192,,,
knl_inthdr_entry193,,,
knl_inthdr_entry194,,,
knl_inthdr_entry195,,,
knl_inthdr_entry196,,,
knl_inthdr_entry197,,,
knl_inthdr_entry198,,,
knl_inthdr_entry199,,,
knl_inthdr_entry200,,,
knl_inthdr_entry201,,,
knl_inthdr_entry202,,,
knl_inthdr_entry203,,,
knl_inthdr_entry204,,,
knl_inthdr_entry205,,,
knl_inthdr_entry206,,,
knl_inthdr_entry207,,,
knl_inthdr_entry208,,,
knl_inthdr_entry209,,,
knl_inthdr_entry210,,,
knl_inthdr_entry211,,,
knl_inthdr_entry212,,,
knl_inthdr_entry213,,,
knl_inthdr_entry214,,,
knl_inthdr_entry215,,,
knl_inthdr_entry216,,,
knl_inthdr_entry217,,,
knl_inthdr_entry218,,,
knl_inthdr_entry219,,,
knl_inthdr_entry220,,,
knl_inthdr_entry221,,,
knl_inthdr_entry222,,,
knl_inthdr_entry223,,,
knl_inthdr_entry224,,,
knl_inthdr_entry225,,,
knl_inthdr_entry226,,,
knl_inthdr_entry227,,,
knl_inthdr_entry228,,,
knl_inthdr_entry229,,,
knl_inthdr_entry230,,,
knl_inthdr_entry231,,,
knl_inthdr_entry232,,,
knl_inthdr_entry233,,,
knl_inthdr_entry234,,,
knl_inthdr_entry235,,,
knl_inthdr_entry236,,,
knl_inthdr_entry237,,,
knl_inthdr_entry238,,,
knl_inthdr_entry239,,,
knl_inthdr_entry240,,,
knl_inthdr_entry241,,,
knl_inthdr_entry242,,,
knl_inthdr_entry243,,,
knl_inthdr_entry244,,,
knl_inthdr_entry245,,,
knl_inthdr_entry246,,,
knl_inthdr_entry247,,,
knl_inthdr_entry248,,,
knl_inthdr_entry249,,,
knl_inthdr_entry250,,,
knl_inthdr_entry251,,,
knl_inthdr_entry252,,,
knl_inthdr_entry253,,,
knl_inthdr_entry254,,,
knl_inthdr_entry255,,,
next_loop1,,,
next_loop3,,,
loop1,,,
loop3,,,
CKSUM_ZERO_EXIT,,,
CKSUM_ODD_NEXT1,,,
CKSUM_ODD_NEXT2,,,
CKSUM_ODD_NEXT4,,,
CKSUM_ODD_NBYTES_NOT_ODD,,,
cksum_loop1,,,
cksum_loop2,,,
CKSUM_EXIT,,,
CKSUM_EVEN_NEXT1,,,
CKSUM_EVEN_NEXT2,,,
CKSUM_EVEN_NEXT4,,,
CKSUM_EVEN_NBYTES_NOT_ODD,,,
CKSUM_EVEN,,,
__tcp_api_acpt,,,
__tcp_api_con,,,
__tcp_api_sht_cls,,,
__tcp_api_snddt,,,
__tcp_api_rcvdt,,,
_dhcp_to_apipa,,,
_dhcp_to_init,,,
_dhcp_selecting,,,
_dhcp_to_rebooting,,,
_dhcp_dont_care,,,
_dhcp_no_operation,,,
_dhcp_to_bound,,,
_dhcp_renewing,,,
_dhcp_to_requesting,,,
_dhcp_initial,,,
_dhcp_gratuitousarp,,,
_dhcp_to_selecting,,,
_dhcp_callback_from_t4,,,
_dhcp_apipa,,,
_dhcp_init_reboot,,,
_dhcp_decline,,,
_dhcp_ipreplyarp,,,
_dhcp_init,,,
_dhcp_to_renewing,,,
_callback_ether,,,
_system_callback,,,
_usb_hmsc_check_result,,,
_usb_hmsc_class_check_result,,,
_usb_hstd_enum_dummy_request,,,
_usb_hstd_submit_result,,,
_usb_hstd_status_result,,,
_usb_hmsc_drive_complete,,,
_usb_hmsc_strg_check_result,,,
_usb_hstd_dummy_function,,,
_usb_hstd_clr_stall_result,,,
_usb_hstd_hcd_task,,,
_usb_hstd_mgr_task,,,
_usb_hmsc_strg_drive_task,,,
_usb_hmsc_task,,,
_rd_event,,,
_rd_abort,,,
_rd_close,,,
_rd_open,,,
_rd_wait,,,
_rd_exec,,,
_ud_wait,,,
_ud_close,,,
_ud_exec,,,
_ud_abort,,,
_ud_open,,,
_ud_event,,,
_sd_event,,,
_sd_abort,,,
_sd_close,,,
_sd_open,,,
_sd_wait,,,
_sd_exec,,,
_ether_pmgi0i,,,
_pmgi_callback,,,
_pmgi_checklink_zc_step0,,,
_pmgi_checklink_zc_step1,,,
_pmgi_linkprocess_step0,,,
_pmgi_linkprocess_step1,,,
_pmgi_linkprocess_step2,,,
_pmgi_readphy_step0,,,
_pmgi_writephy_step0,,,
_pmgi_modestep_invalid,,,
_pmgi_wakeonlan_step0,,,
_pmgi_wakeonlan_step1,,,
_pmgi_wakeonlan_step2,,,
_pmgi_open_zc2_step0,,,
_pmgi_open_zc2_step1,,,
_pmgi_open_zc2_step2,,,
_pmgi_open_zc2_step3,,,
_pmgi_open_zc2_step4,,,
_pmgi_open_zc2_step5,,,
_pmgi_open_zc2_step6,,,
_siic_event,,,
_siic_close,,,
_siic_wait,,,
_siic_open,,,
_siic_abort,,,
_siic_exec,,,
_rtc_event,,,
_rtc_close,,,
_rtc_wait,,,
_rtc_open,,,
_rtc_abort,,,
_rtc_exec,,,
_iic_event,,,
_iic_close,,,
_iic_wait,,,
_iic_open,,,
_iic_abort,,,
_iic_exec,,,
_sci_event,,,
_sci_close,,,
_sci_wait,,,
_sci_open,,,
_sci_abort,,,
_sci_exec,,,
_dfl_event,,,
_dfl_close,,,
_dfl_wait,,,
_dfl_open,,,
_dfl_abort,,,
_dfl_exec,,,
_tft_event,,,
_tft_close,,,
_tft_wait,,,
_tft_open,,,
_tft_abort,,,
_tft_exec,,,
_qspi_event,,,
_qspi_close,,,
_qspi_wait,,,
_qspi_open,,,
_qspi_abort,,,
_qspi_exec,,,
